round,mean_reward,std_reward,n_runs,ci95_low,ci95_hi
1,1.954347848892212,0.0,1,1.954347848892212,1.954347848892212
2,1.983237385749817,0.0,1,1.983237385749817,1.983237385749817
