step,mean_Te2e,mean_Ttx,mean_TQ,mean_Tcpu,mean_Tloc,mean_SINR_dB,rho_u0,rho_u1,rho_u2
0,,,,,,,0.08036346733570099,1.0,0.2328188568353653
1,,,,,,,0.08852598816156387,0.11342046409845352,0.0
